{
  "i18n/i18n.properties": 1614705640759,
  "controller/Base.controller.js": 1614705640811,
  "model/json/Employees.json": 1614773014723,
  "model/json/Countries.json": 1614773011701,
  "manifest.json": 1614774516256,
  "model/models.js": 1606470760000,
  "model/formatter.js": 1607516456000,
  "controller/OrderDetails.controller.js": 1614705640823,
  "controller/MasterEmployee.controller.js": 1614705640819,
  "controller/Main.controller.js": 1614773107129,
  "controller/EmployeeDetails.controller.js": 1614705640811,
  "model/json/Layout.json": 1614773018019,
  "controller/App.controller.js": 1614705640787,
  "control/Signature.js": 1609328935000,
  "Component.js": 1609328935000,
  "manifest-bundle.zip": 1614774515893,
  "Component-preload.js": 1614774516175,
  "controller/MasterEmployee-dbg.controller.js": 1614705640819,
  "model/formatter-dbg.js": 1607516456000,
  "controller/OrderDetails-dbg.controller.js": 1614705640823,
  "model/models-dbg.js": 1606470760000,
  "controller/Main-dbg.controller.js": 1614773107129,
  "controller/EmployeeDetails-dbg.controller.js": 1614705640811,
  "controller/Base-dbg.controller.js": 1614705640811,
  "controller/App-dbg.controller.js": 1614705640787,
  "control/Signature-dbg.js": 1609328935000,
  "Component-dbg.js": 1609328935000,
  "resources.json": 1614774516260,
  "view/OrderDetails.view.xml": 1609602595000,
  "view/MasterEmployee.view.xml": 1607961962000,
  "view/Main.view.xml": 1609349375000,
  "view/EmployeeDetails.view.xml": 1614705640767,
  "view/App.view.xml": 1614705640763,
  "fragment/TableOrders.fragment.xml": 1608056629000,
  "fragment/TableEmployee.fragment.xml": 1607708245000,
  "fragment/NewIncidence.fragment.xml": 1607604214000,
  "fragment/DialogOrders.fragment.xml": 1607958880000,
  "css/style.css": 1606470760000,
  "index.html": 1614770816734
}